accession,species_ID,genus_ID,designated_species
GCF_016906245.1,133,2,Streptomyces californicus
GCF_000715745.1,133,2,Streptomyces californicus
GCF_000717645.1,133,2,Streptomyces californicus
GCF_000717965.1,133,2,Streptomyces purpeochromogenes
GCF_000718245.1,133,2,Streptomyces californicus
GCF_000718615.1,133,2,Streptomyces purpeochromogenes
GCF_000720065.1,133,2,Streptomyces sp.
GCF_016906225.1,133,2,Streptomyces californicus
GCF_016906205.1,133,2,Streptomyces californicus
GCF_016906185.1,133,2,Streptomyces californicus
GCF_000717025.1,102,11,Streptomyces atroolivaceus
GCF_000725545.1,15,22,Streptomyces exfoliatus
GCF_000718175.1,15,22,Streptomyces exfoliatus
GCF_900105705.1,1,2,Streptomyces griseus
GCF_001723115.1,1,2,Streptomyces griseus
GCF_000010605.1,1,2,Streptomyces griseus
GCF_900460065.1,1,2,Streptomyces griseus
GCF_009866455.1,1,2,Streptomyces griseus
GCF_008704495.1,16,65,Streptomyces kanamyceticus
GCF_001418465.1,16,65,Streptomyces kanamyceticus
GCF_008639165.1,61,22,Streptomyces venezuelae
GCF_001886595.1,61,22,Streptomyces venezuelae
GCF_000720235.1,12,17,Streptomyces sp.
GCF_000720455.1,12,17,Streptomyces virginiae
GCF_000966965.1,12,17,Streptomyces sp.
GCF_002154575.1,124,68,Streptomyces bobili
GCF_002154385.1,52,2,Streptomyces albovinaceus
GCF_004028635.1,174,51,Streptomyces cyaneus
GCF_001700505.1,105,11,Streptomyces mutomycini
GCF_014650935.1,17,66,Streptomyces subrutilus
GCF_008704535.1,17,66,Streptomyces subrutilus
GCF_000716935.1,5,2,Streptomyces alboviridis
GCF_000359525.1,79,59,Streptomyces albidoflavus
GCF_013693715.1,79,59,Streptomyces albidoflavus
GCF_014648615.1,162,17,Streptomyces nojiriensis
GCF_016755855.1,162,17,Streptomyces nojiriensis
GCF_017639205.1,162,17,Streptomyces nojiriensis
GCF_016755875.1,163,17,Streptomyces spororaveus
GCF_000717665.1,133,2,Streptomyces californicus
GCF_013409565.1,9,74,Streptomyces fulvorobeus
GCF_013167895.1,9,74,Streptomyces fulvorobeus
GCF_000720485.1,175,25,Streptomyces ochraceiscleroticus
GCF_001723055.1,128,55,Streptomyces niveus
GCF_001553455.1,39,4,Streptomyces hygroscopicus
GCF_001553475.1,39,4,Streptomyces hygroscopicus
GCF_004125245.1,65,33,Streptomyces lydicus
GCF_009811635.1,145,33,Streptomyces tubercidicus
GCF_001294335.1,64,48,Streptomyces chattanoogensis
GCF_009811555.1,176,33,Streptomyces caniferus
GCF_005405925.1,113,4,Streptomyces antimycoticus
GCF_014648695.1,177,39,Streptomyces albospinus
GCF_001570645.1,39,4,Streptomyces hygroscopicus
GCF_001553435.1,39,4,Streptomyces hygroscopicus
GCF_001270575.1,129,33,Streptomyces decoyicus
GCF_003970715.1,178,62,Streptomyces luteoverticillatus
GCF_002727115.1,107,60,Streptomyces cinnamoneus
GCF_002939475.1,107,60,Streptomyces cinnamoneus
GCF_009811595.1,143,33,Streptomyces libani
GCF_016834575.1,63,20,Streptomyces sp.
GCF_002154275.1,113,4,Streptomyces antimycoticus
GCF_009936315.1,113,4,Streptomyces antimycoticus
GCF_018138715.1,112,4,Streptomyces asiaticus
GCF_018138705.1,112,4,Streptomyces indonesiensis
GCF_002155885.1,112,4,Streptomyces rhizosphaericus
GCF_017942185.1,112,4,Streptomyces rhizosphaericus
GCF_000715845.1,179,21,Streptomyces monomycini
GCF_004195845.1,79,59,Streptomyces albidoflavus
GCF_004195885.1,79,59,Streptomyces albidoflavus
GCF_004195755.1,79,59,Streptomyces albidoflavus
GCF_016612755.1,74,18,Streptomyces sp.
GCF_001514195.1,77,34,Streptomyces griseorubiginosus
GCF_001278075.1,94,47,Streptomyces pristinaespiralis
GCF_014070435.1,94,47,Streptomyces pristinaespiralis
GCF_014650375.1,19,67,Streptomyces nitrosporeus
GCF_008704555.1,19,67,Streptomyces nitrosporeus
GCF_016906265.1,133,2,Streptomyces californicus
GCF_002155905.1,108,16,Streptomyces tricolor
GCF_004195945.1,79,59,Streptomyces albidoflavus
GCF_004196035.1,79,59,Streptomyces albidoflavus
GCF_004195935.1,79,59,Streptomyces albidoflavus
GCF_004195955.1,79,59,Streptomyces albidoflavus
GCF_004195995.1,79,59,Streptomyces albidoflavus
GCF_004195855.1,79,59,Streptomyces albidoflavus
GCF_004196145.1,79,59,Streptomyces albidoflavus
GCF_004196155.1,79,59,Streptomyces albidoflavus
GCF_004195965.1,79,59,Streptomyces albidoflavus
GCF_000716675.1,130,23,Streptomyces alboflavus
GCF_000813365.1,78,40,Streptomyces albus
GCF_001661615.1,78,40,Streptomyces albus
GCF_001418545.1,78,40,Streptomyces albus
GCF_001418125.1,78,40,Streptomyces albus
GCF_002154415.1,68,33,Streptomyces angustmyceticus
GCF_000009765.2,20,1,Streptomyces avermitilis
GCF_000764715.1,20,1,Streptomyces avermitilis
GCF_001514135.1,20,1,Streptomyces avermitilis
GCF_002017835.1,20,1,Streptomyces avermitilis
GCF_005405965.1,20,1,Streptomyces avermitilis
GCF_009862865.1,20,1,Streptomyces sp.
GCF_005406005.1,20,1,Streptomyces avermitilis
GCF_009870085.1,22,14,Streptomyces sp.
GCF_000383595.1,22,14,Streptomyces bottropensis
GCF_000340335.1,22,14,Streptomyces bottropensis
GCF_015912435.1,23,77,Streptomyces clavuligerus
GCF_015912455.1,23,77,Streptomyces clavuligerus
GCF_001693675.1,23,77,Streptomyces clavuligerus
GCF_015912395.1,23,77,Streptomyces clavuligerus
GCF_015767935.1,23,77,Streptomyces clavuligerus
GCF_015767915.1,23,77,Streptomyces clavuligerus
GCF_015767855.1,23,77,Streptomyces clavuligerus
GCF_015767875.1,23,77,Streptomyces clavuligerus
GCF_015912465.1,23,77,Streptomyces clavuligerus
GCF_015767815.1,23,77,Streptomyces clavuligerus
GCF_015767795.1,23,77,Streptomyces clavuligerus
GCF_015767775.1,23,77,Streptomyces clavuligerus
GCF_015767755.1,23,77,Streptomyces clavuligerus
GCF_015767735.1,23,77,Streptomyces clavuligerus
GCF_015708605.1,23,77,Streptomyces clavuligerus
GCF_005519465.1,23,77,Streptomyces clavuligerus
GCF_003454755.1,23,77,Streptomyces clavuligerus
GCF_015767895.1,23,77,Streptomyces clavuligerus
GCF_015912875.1,23,77,Streptomyces clavuligerus
GCF_000163875.1,23,77,Streptomyces clavuligerus
GCF_015912925.1,23,77,Streptomyces clavuligerus
GCF_015912945.1,23,77,Streptomyces clavuligerus
GCF_015912975.1,23,77,Streptomyces clavuligerus
GCF_015912985.1,23,77,Streptomyces clavuligerus
GCF_015912995.1,23,77,Streptomyces clavuligerus
GCF_000148465.1,23,77,Streptomyces clavuligerus
GCF_015912895.1,23,77,Streptomyces clavuligerus
GCF_008931305.1,21,36,Streptomyces coelicolor
GCF_009862445.1,21,36,Streptomyces sp.
GCF_013307045.1,21,36,Streptomyces coelicolor
GCF_013317105.1,21,36,Streptomyces coelicolor
GCF_008124975.1,21,36,Streptomyces coelicolor
GCF_008124915.1,21,36,Streptomyces coelicolor
GCF_008124905.1,21,36,Streptomyces coelicolor
GCF_008125035.1,21,36,Streptomyces coelicolor
GCF_008124985.1,21,36,Streptomyces coelicolor
GCF_000955965.1,24,6,Streptomyces variegatus
GCF_000725785.1,24,6,Streptomyces flavovariabilis
GCF_000385945.1,5,2,Streptomyces fulvissimus
GCF_001418475.1,131,49,Streptomyces ossamyceticus
GCF_000717055.1,132,6,Streptomyces iakyrus
GCF_006547165.1,81,8,Streptomyces ipomoeae
GCF_000966975.1,180,28,Streptomyces katrae
GCF_000718155.1,181,28,Streptomyces lavendulae
GCF_000718625.1,31,16,Streptomyces lavenduligriseus
GCF_011820545.1,31,16,Streptomyces sp.
GCF_000696595.1,110,44,Streptomyces leeuwenhoekii
GCF_000342125.1,134,9,Streptomyces mobaraensis
GCF_001418645.1,182,49,Streptomyces neyagawaensis
GCF_000819545.1,111,69,Streptomyces nodosus
GCF_000716875.1,32,24,Streptomyces novaecaesareae
GCF_000717725.1,32,24,Streptomyces pyridomyceticus
GCF_000721235.1,183,36,Streptomyces olivaceus
GCF_000367365.1,184,12,Streptomyces prunicolor
GCF_000384175.1,135,15,Streptomyces purpureus
GCF_001514265.1,33,52,Streptomyces resistomycificus
GCF_001270505.1,33,52,Streptomyces resistomycificus
GCF_000716215.1,33,52,Streptomyces resistomycificus
GCF_000718095.1,114,27,Streptomyces scopuliridis
GCF_003073355.1,114,27,Streptomyces scopuliridis
GCF_000719255.1,36,31,Streptomyces varsoviensis
GCF_000718635.1,36,31,Streptomyces varsoviensis
GCF_000830005.1,185,22,Streptomyces vietnamensis
GCF_000380165.1,37,13,Streptomyces vitaminophilus
GCF_001445835.1,37,13,Streptomyces vitaminophilus
GCF_001270515.1,38,22,Streptomyces viridochromogenes
GCF_000716445.1,38,22,Streptomyces wedmorensis
GCF_000725805.1,159,17,Streptomyces xanthophaeus
GCF_000220705.2,137,19,Streptomyces xinghaiensis
GCF_000745345.1,186,38,Streptomyces yeochonensis
GCF_000225525.1,187,5,Streptomyces zinciresistens
GCF_000092385.1,188,3,Streptomyces bingchenggensis
GCF_000147815.2,189,4,Streptomyces violaceusniger
GCF_000177175.2,1,2,Streptomyces sp.
GCF_900091715.1,74,18,Streptomyces sp.
GCF_900095575.1,74,18,Streptomyces sp.
GCF_009863165.1,74,18,Streptomyces sp.
GCF_009862475.1,74,18,Streptomyces sp.
GCF_009862105.1,74,18,Streptomyces sp.
GCF_000382745.1,74,18,Streptomyces sp.
GCF_000177195.2,74,18,Streptomyces sp.
GCF_009865465.1,74,18,Streptomyces sp.
GCF_000226455.1,40,6,Streptomyces chartreusis
GCF_009862985.1,40,6,Streptomyces sp.
GCF_900236475.1,40,6,Streptomyces chartreusis
GCF_900236505.1,40,6,Streptomyces chartreusis
GCF_000239075.1,2,2,Streptomyces sp.
GCF_000253235.1,61,22,Streptomyces venezuelae
GCF_000261345.2,52,2,Streptomyces globisporus
GCF_000297635.1,106,7,Streptomyces sp.
GCF_000299175.2,79,59,Streptomyces sp.
GCF_000317595.1,81,8,Streptomyces ipomoeae
GCF_000720605.1,142,21,Streptomyces rimosus
GCF_008704655.1,142,21,Streptomyces rimosus
GCF_006229535.1,142,21,Streptomyces rimosus
GCF_001507395.1,142,21,Streptomyces rimosus
GCF_001279375.1,142,21,Streptomyces rimosus
GCF_001279105.1,142,21,Streptomyces rimosus
GCF_001279095.1,142,21,Streptomyces rimosus
GCF_001279075.1,142,21,Streptomyces rimosus
GCF_001279025.1,142,21,Streptomyces sp.
GCF_000707925.2,142,21,Streptomyces rimosus
GCF_000718815.1,142,21,Streptomyces sp.
GCF_001279015.1,142,21,Streptomyces rimosus
GCF_000718715.1,142,21,Streptomyces rimosus
GCF_000718295.1,142,21,Streptomyces capuensis
GCF_000717285.1,142,21,Streptomyces rimosus
GCF_000716845.1,142,21,Streptomyces capuensis
GCF_000721045.1,142,21,Streptomyces rimosus
GCF_000331185.2,142,21,Streptomyces rimosus
GCF_000718835.1,142,21,Streptomyces rimosus
GCF_000720715.1,142,21,Streptomyces rimosus
GCF_000718865.1,142,21,Streptomyces rimosus
GCF_000720565.1,142,21,Streptomyces rimosus
GCF_000332625.1,116,51,Streptomyces viridochromogenes
GCF_000349325.1,190,10,Streptomyces davaonensis
GCF_000364805.1,3,11,Streptomyces sp.
GCF_000373405.1,4,2,Streptomyces sp.
GCF_009872615.1,4,2,Streptomyces sp.
GCF_000403665.1,21,36,Streptomyces lividans
GCF_000972395.1,21,36,Streptomyces sp.
GCF_000403765.2,82,41,Streptomyces albulus
GCF_003851665.1,82,41,Streptomyces albulus
GCF_000411495.1,78,40,Streptomyces sp.
GCF_000720885.1,78,40,Streptomyces albus
GCF_004768505.1,78,40,Streptomyces albus
GCF_011006355.1,78,40,Streptomyces albus
GCF_000444875.1,191,16,Streptomyces collinus
GCF_000495755.1,79,59,Streptomyces sp.
GCF_000498935.1,53,2,Streptomyces sp.
GCF_009865365.1,54,18,Streptomyces sp.
GCF_900091745.1,54,18,Streptomyces sp.
GCF_000590515.1,112,4,Streptomyces sp.
GCF_000612545.2,192,17,Streptomyces sp.
GCF_009862115.1,84,2,Streptomyces sp.
GCF_000647875.1,84,2,Streptomyces sp.
GCF_000695235.1,82,41,Streptomyces albulus
GCF_000698495.1,54,18,Streptomyces sp.
GCF_002966105.1,137,19,Streptomyces xinghaiensis
GCF_000700005.2,137,19,Streptomyces xinghaiensis
GCF_001190165.1,137,19,Streptomyces fradiae
GCF_003122345.2,137,19,Streptomyces xinghaiensis
GCF_001756925.1,137,19,Streptomyces fradiae
GCF_000709915.1,193,20,Streptomyces griseorubens
GCF_000716025.1,6,2,Streptomyces baarnensis
GCF_000716515.1,142,21,Streptomyces rimosus
GCF_000716625.1,194,22,Streptomyces bikiniensis
GCF_000716685.1,138,17,Streptomyces virginiae
GCF_000717595.1,85,22,Streptomyces flavochromogenes
GCF_000717655.1,104,64,Streptomyces katrae
GCF_000717745.1,67,25,Streptomyces violens
GCF_000717795.1,1,2,Streptomyces griseus
GCF_000717845.1,21,36,Streptomyces violaceoruber
GCF_000717925.1,156,17,Streptomyces sp.
GCF_000718015.1,41,26,Streptomyces catenulae
GCF_000718165.1,195,29,Streptomyces fulvoviolaceus
GCF_000718205.1,133,2,Streptomyces griseus
GCF_001270675.1,133,2,Streptomyces griseus
GCF_000721205.1,133,2,Streptomyces griseus
GCF_000719035.1,133,2,Streptomyces griseus
GCF_000718915.1,133,2,Streptomyces sp.
GCF_000718235.1,133,2,Streptomyces griseus
GCF_000718375.1,139,20,Streptomyces sp.
GCF_001279005.1,139,20,Streptomyces caelestis
GCF_000718455.1,196,2,Streptomyces globisporus
GCF_000718525.1,43,30,Streptomyces griseus
GCF_000721035.1,43,30,Streptomyces griseus
GCF_000718675.1,142,21,Streptomyces rimosus
GCF_000721665.1,142,21,Streptomyces rimosus
GCF_000718705.1,12,17,Streptomyces lavendulae
GCF_000719625.1,12,17,Streptomyces sp.
GCF_017876235.1,12,17,Streptomyces cinnamonensis
GCF_000719185.1,44,21,Streptomyces rimosus
GCF_000718755.1,44,21,Streptomyces rimosus
GCF_000718775.1,197,16,Streptomyces sp.
GCF_000718935.1,157,17,Streptomyces sp.
GCF_000718955.1,158,17,Streptomyces sp.
GCF_000720795.1,158,17,Streptomyces sp.
GCF_000719265.1,198,32,Streptomyces roseoverticillatus
GCF_000719355.1,52,2,Streptomyces griseus
GCF_000719365.1,140,33,Streptomyces sp.
GCF_000719425.1,78,40,Streptomyces sp.
GCF_000719495.1,79,59,Streptomyces albidoflavus
GCF_000719505.1,199,34,Streptomyces sp.
GCF_000719555.1,200,30,Streptomyces sp.
GCF_000719585.1,133,2,Streptomyces sp.
GCF_000719605.1,129,33,Streptomyces sp.
GCF_000719655.1,133,2,Streptomyces sp.
GCF_000719735.1,78,40,Streptomyces sp.
GCF_000719785.1,63,20,Streptomyces sp.
GCF_000719865.1,201,19,Streptomyces albus
GCF_000719895.1,117,35,Streptomyces sp.
GCF_000719925.1,133,2,Streptomyces sp.
GCF_000720135.1,202,16,Streptomyces sp.
GCF_000720175.1,203,33,Streptomyces sp.
GCF_000720215.1,25,6,Streptomyces sp.
GCF_000720395.1,3,11,Streptomyces flavovirens
GCF_000720405.1,3,11,Streptomyces sp.
GCF_000720505.1,26,6,Streptomyces sp.
GCF_000720675.1,96,36,Streptomyces sp.
GCF_000721105.1,204,37,Streptomyces cellulosae
GCF_000721185.1,54,18,Streptomyces griseolus
GCF_000721435.1,63,20,Streptomyces sp.
GCF_000721535.1,39,4,Streptomyces hygroscopicus
GCF_000721575.1,133,2,Streptomyces griseus
GCF_000721595.1,3,11,Streptomyces sp.
GCF_000721605.1,205,20,Streptomyces sp.
GCF_000721945.1,46,34,Streptomyces sp.
GCF_001513955.1,46,34,Streptomyces pseudovenezuelae
GCF_000722185.1,105,11,Streptomyces sp.
GCF_000725555.1,118,17,Streptomyces erythrochromogenes
GCF_001279065.1,142,21,Streptomyces rimosus
GCF_000725565.1,142,21,Streptomyces peucetius
GCF_000725635.1,79,59,Streptomyces sp.
GCF_000725725.1,159,17,Streptomyces xanthophaeus
GCF_004328625.1,115,35,Streptomyces seoulensis
GCF_000725795.1,115,35,Streptomyces seoulensis
GCF_001550245.1,18,14,Streptomyces scabiei
GCF_001005405.1,18,14,Streptomyces scabiei
GCF_000738715.1,18,14,Streptomyces scabiei
GCF_000739045.1,206,36,Streptomyces luteus
GCF_000743295.1,52,2,Streptomyces sp.
GCF_000797385.1,79,59,Streptomyces sp.
GCF_000800535.1,79,59,Streptomyces sp.
GCF_000805335.1,207,39,Streptomyces sp.
GCF_000816025.1,83,41,Streptomyces sp.
GCF_000816485.1,208,42,Streptomyces sp.
GCF_000829695.1,141,43,Streptomyces sp.
GCF_000829715.2,209,33,Streptomyces lydicamycinicus
GCF_000931445.1,210,44,Streptomyces cyaneogriseus
GCF_003147545.1,52,2,Streptomyces globisporus
GCF_000935185.3,82,41,Streptomyces albulus
GCF_000956015.1,109,17,Streptomyces sp.
GCF_000968685.2,211,4,Streptomyces antioxidans
GCF_000972435.1,96,36,Streptomyces sp.
GCF_000980885.2,126,45,Streptomyces malaysiense
GCF_014873495.1,146,14,Streptomyces stelliscabiei
GCF_001008135.1,146,14,Streptomyces stelliscabiei
GCF_001189035.1,146,14,Streptomyces stelliscabiei
GCF_001014595.1,79,59,Streptomyces sp.
GCF_001040905.1,108,16,Streptomyces sp.
GCF_001047315.1,110,44,Streptomyces leeuwenhoekii
GCF_001187435.1,212,46,Streptomyces caatingaensis
GCF_001189025.1,2,2,Streptomyces europaeiscabiei
GCF_001267885.1,147,36,Streptomyces ambofaciens
GCF_001270565.1,156,17,Streptomyces virginiae
GCF_001279345.1,142,21,Streptomyces rimosus
GCF_001279365.1,142,21,Streptomyces sp.
GCF_001279425.1,133,2,Streptomyces sp.
GCF_001279445.1,12,17,Streptomyces sp.
GCF_001279485.1,12,17,Streptomyces sp.
GCF_001279845.1,12,17,Streptomyces sp.
GCF_001279885.1,12,17,Streptomyces sp.
GCF_001279925.1,12,17,Streptomyces sp.
GCF_014217585.1,12,17,Streptomyces sp.
GCF_001279455.1,139,20,Streptomyces sp.
GCF_001279495.1,12,17,Streptomyces sp.
GCF_001279625.1,156,17,Streptomyces sp.
GCF_001279685.1,12,17,Streptomyces sp.
GCF_001279735.1,133,2,Streptomyces sp.
GCF_001279765.1,12,17,Streptomyces sp.
GCF_001279815.1,12,17,Streptomyces sp.
GCF_001279855.1,12,17,Streptomyces sp.
GCF_001279965.1,12,17,Streptomyces sp.
GCF_001279905.1,12,17,Streptomyces sp.
GCF_001279935.1,12,17,Streptomyces sp.
GCF_001282115.1,48,34,Streptomyces sp.
GCF_002156095.1,48,34,Streptomyces sp.
GCF_001294345.1,105,11,Streptomyces sp.
GCF_001417695.1,88,50,Streptomyces sp.
GCF_001418135.1,62,22,Streptomyces aureus
GCF_001418175.1,148,43,Streptomyces hirsutus
GCF_001418395.1,149,43,Streptomyces prasinopilosus
GCF_001418415.1,148,43,Streptomyces hirsutus
GCF_001418625.1,5,2,Streptomyces luridiscabiei
GCF_001419695.1,149,43,Streptomyces prasinopilosus
GCF_001419705.1,213,43,Streptomyces prasinus
GCF_001425805.1,70,34,Streptomyces sp.
GCF_001426325.1,2,2,Streptomyces sp.
GCF_001427565.1,2,2,Streptomyces sp.
GCF_001431765.1,79,59,Streptomyces sp.
GCF_009846825.1,79,59,Streptomyces sp.
GCF_001434355.1,2,2,Streptomyces anulatus
GCF_001445655.1,76,32,Streptomyces roseifaciens
GCF_001469455.2,141,43,Streptomyces sp.
GCF_001485125.1,18,14,Streptomyces scabiei
GCF_001509565.1,79,59,Streptomyces albidoflavus
GCF_001509775.1,113,4,Streptomyces violaceusniger
GCF_001509795.1,49,50,Streptomyces sp.
GCF_001509785.1,49,50,Streptomyces sp.
GCF_001513975.1,116,51,Streptomyces curacoi
GCF_001513985.1,77,34,Streptomyces griseorubiginosus
GCF_001514045.1,70,34,Streptomyces canus
GCF_001514055.1,150,16,Streptomyces corchorusii
GCF_001514145.1,70,34,Streptomyces canus
GCF_001514235.1,214,51,Streptomyces caeruleatus
GCF_001531145.1,119,17,Streptomyces sp.
GCF_001550215.1,18,14,Streptomyces scabiei
GCF_017968935.1,18,14,Streptomyces sp.
GCF_003584815.1,18,14,Streptomyces scabiei
GCF_001550225.1,18,14,Streptomyces scabiei
GCF_017969045.1,18,14,Streptomyces sp.
GCF_017933255.1,18,14,Streptomyces sp.
GCF_017968905.1,18,14,Streptomyces sp.
GCF_017933115.1,18,14,Streptomyces sp.
GCF_001550295.1,18,14,Streptomyces scabiei
GCF_001572115.1,18,14,Streptomyces scabiei
GCF_001579685.1,18,14,Streptomyces scabiei
GCF_002943895.1,120,22,Streptomyces sp.
GCF_001592685.1,120,22,Streptomyces sp.
GCF_001598115.1,113,4,Streptomyces sp.
GCF_001632865.1,147,36,Streptomyces ambofaciens
GCF_001640565.1,50,53,Streptomyces sp.
GCF_001650215.1,50,53,Streptomyces sp.
GCF_001652895.1,39,4,Streptomyces sp.
GCF_003344445.1,51,54,Streptomyces lincolnensis
GCF_001685355.1,51,54,Streptomyces lincolnensis
GCF_014083905.1,51,54,Streptomyces lincolnensis
GCF_001705785.1,39,4,Streptomyces hygroscopicus
GCF_001723075.1,215,55,Streptomyces niveus
GCF_001729485.1,65,33,Streptomyces lydicus
GCF_001735805.1,216,56,Streptomyces fodineus
GCF_001746295.1,70,34,Streptomyces sp.
GCF_001746305.1,55,2,Streptomyces sp.
GCF_001746425.1,160,17,Streptomyces subrutilus
GCF_001751305.1,56,2,Streptomyces nanshensis
GCF_001865795.1,79,59,Streptomyces albidoflavus
GCF_001866665.1,217,57,Streptomyces monashensis
GCF_001866675.1,218,57,Streptomyces sp.
GCF_001905005.1,219,21,Streptomyces sp.
GCF_001905385.1,97,36,Streptomyces sp.
GCF_001905405.1,52,2,Streptomyces sp.
GCF_014495705.1,2,2,Streptomyces sp.
GCF_001905485.1,2,2,Streptomyces sp.
GCF_001905505.1,89,11,Streptomyces sp.
GCF_001905525.1,2,2,Streptomyces sp.
GCF_001905575.1,2,2,Streptomyces sp.
GCF_001905645.1,2,2,Streptomyces sp.
GCF_001905785.1,52,2,Streptomyces sp.
GCF_001905825.1,86,22,Streptomyces sp.
GCF_001905855.1,151,16,Streptomyces sp.
GCF_001905905.1,220,2,Streptomyces sp.
GCF_001941845.1,109,17,Streptomyces sp.
GCF_001953875.1,119,17,Streptomyces amritsarensis
GCF_001984445.1,65,33,Streptomyces lydicus
GCF_002005565.1,221,36,Streptomyces sp.
GCF_002021875.1,121,4,Streptomyces hygroscopicus
GCF_002028385.1,156,17,Streptomyces sp.
GCF_002028425.1,152,28,Streptomyces katrae
GCF_003814735.1,152,28,Streptomyces sp.
GCF_002080455.1,156,17,Streptomyces sp.
GCF_002082175.1,133,2,Streptomyces violaceoruber
GCF_002090335.1,65,33,Streptomyces sp.
GCF_002094995.1,84,2,Streptomyces sp.
GCF_002150735.1,222,6,Streptomyces africanus
GCF_002154555.1,127,45,Streptomyces murinus
GCF_002156055.1,223,50,Streptomyces viridochromogenes
GCF_002188335.1,45,36,Streptomyces sp.
GCF_002188345.1,2,2,Streptomyces sp.
GCF_002217715.1,52,2,Streptomyces sp.
GCF_002224125.2,224,3,Streptomyces sp.
GCF_002242805.1,153,58,Streptomyces diastatochromogenes
GCF_002251155.1,108,16,Streptomyces sp.
GCF_002261115.1,80,71,Streptomyces kasugaensis
GCF_002289335.1,79,59,Streptomyces albidoflavus
GCF_002317005.1,79,59,Streptomyces albidoflavus
GCF_002317025.1,79,59,Streptomyces albidoflavus
GCF_013363555.1,79,59,Streptomyces fungicidicus
GCF_002382885.1,225,2,Streptomyces sp.
GCF_002551015.1,2,2,Streptomyces sp.
GCF_002551055.1,2,2,Streptomyces sp.
GCF_002551045.1,2,2,Streptomyces sp.
GCF_002551105.1,52,2,Streptomyces sp.
GCF_002551135.1,52,2,Streptomyces sp.
GCF_002551145.1,6,2,Streptomyces sp.
GCF_002551175.1,53,2,Streptomyces sp.
GCF_002551225.1,2,2,Streptomyces sp.
GCF_002551305.1,2,2,Streptomyces sp.
GCF_002551335.1,52,2,Streptomyces sp.
GCF_002551345.1,52,2,Streptomyces sp.
GCF_002551375.1,52,2,Streptomyces sp.
GCF_002551415.1,52,2,Streptomyces sp.
GCF_002551425.1,133,2,Streptomyces sp.
GCF_002551435.1,52,2,Streptomyces sp.
GCF_002551465.1,2,2,Streptomyces sp.
GCF_002551475.1,52,2,Streptomyces sp.
GCF_900090065.1,54,18,Streptomyces sp.
GCF_009863235.1,54,18,Streptomyces sp.
GCF_002705695.1,54,18,Streptomyces sp.
GCF_900102245.1,69,33,Streptomyces sp.
GCF_900105235.1,69,33,Streptomyces sp.
GCF_900105775.1,69,33,Streptomyces sp.
GCF_900187385.1,69,33,Streptomyces sp.
GCF_002761895.1,131,49,Streptomyces sp.
GCF_002802945.1,73,59,Streptomyces sp.
GCF_002803175.1,53,2,Streptomyces sp.
GCF_002804165.1,56,2,Streptomyces cavourensis
GCF_002832675.1,55,2,Streptomyces sp.
GCF_002844215.1,79,59,Streptomyces sp.
GCF_900215565.1,153,58,Streptomyces sp.
GCF_900105245.1,154,16,Streptomyces sp.
GCF_002846455.1,154,16,Streptomyces sp.
GCF_002891315.1,155,41,Streptomyces noursei
GCF_002891435.1,226,6,Streptomyces sp.
GCF_002899455.1,227,20,Streptomyces sp.
GCF_002910775.2,54,18,Streptomyces sp.
GCF_002910795.1,79,59,Streptomyces sp.
GCF_002910815.1,79,59,Streptomyces sp.
GCF_002910875.1,6,2,Streptomyces sp.
GCF_002910905.1,7,2,Streptomyces sp.
GCF_002910985.1,6,2,Streptomyces sp.
GCF_002910935.1,6,2,Streptomyces sp.
GCF_002939385.1,228,36,Streptomyces sp.
GCF_002941025.1,90,11,Streptomyces sp.
GCF_003013745.1,21,36,Streptomyces sp.
GCF_003024215.1,53,2,Streptomyces sp.
GCF_003041235.1,132,6,Streptomyces sp.
GCF_003048205.2,47,51,Streptomyces chartreusis
GCF_003074055.1,88,50,Streptomyces nigra
GCF_003112555.1,45,36,Streptomyces coelicoflavus
GCF_003112595.1,21,36,Streptomyces rubrogriseus
GCF_003116675.1,4,2,Streptomyces sp.
GCF_003116715.1,120,22,Streptomyces sp.
GCF_003116755.1,53,2,Streptomyces sp.
GCF_003116775.1,53,2,Streptomyces sp.
GCF_003116795.1,96,36,Streptomyces sp.
GCF_003143935.1,229,61,Streptomyces sp.
GCF_003148825.1,158,17,Streptomyces sp.
GCF_003330865.1,57,72,Streptomyces atratus
GCF_003352445.1,56,2,Streptomyces cavourensis
GCF_003353555.1,52,2,Streptomyces sp.
GCF_003363195.1,88,50,Streptomyces sp.
GCF_003367645.1,4,2,Streptomyces sp.
GCF_003369795.1,230,36,Streptomyces sp.
GCF_003389455.1,231,33,Streptomyces inhibens
GCF_003443735.1,232,34,Streptomyces sp.
GCF_003595235.1,77,34,Streptomyces griseorubiginosus
GCF_003595545.1,121,4,Streptomyces sp.
GCF_003610995.1,8,2,Streptomyces griseus
GCF_003634815.1,152,28,Streptomyces sp.
GCF_003671675.1,34,20,Streptomyces sp.
GCF_003671685.1,164,36,Streptomyces sp.
GCF_003671715.1,98,36,Streptomyces sp.
GCF_003671755.1,21,36,Streptomyces sp.
GCF_014205315.1,136,4,Streptomyces rapamycinicus
GCF_003675955.1,136,4,Streptomyces rapamycinicus
GCF_003687515.1,79,59,Streptomyces sp.
GCF_003751985.1,151,16,Streptomyces sp.
GCF_003752205.1,233,22,Streptomyces sp.
GCF_003865135.1,42,21,Streptomyces chrestomyceticus
GCF_003865155.1,42,21,Streptomyces rimosus
GCF_003933295.1,127,45,Streptomyces griseofuscus
GCF_003933485.1,127,45,Streptomyces griseofuscus
GCF_003933965.1,234,34,Streptomyces sp.
GCF_003935055.1,130,23,Streptomyces alboflavus
GCF_003945525.1,235,20,Streptomyces sp.
GCF_003947265.2,236,19,Streptomyces sp.
GCF_003947555.1,47,51,Streptomyces sp.
GCF_003947575.1,142,21,Streptomyces sp.
GCF_003947585.1,142,21,Streptomyces sp.
GCF_003949535.1,165,28,Streptomyces sp.
GCF_003949695.1,113,4,Streptomyces sp.
GCF_003949805.1,237,22,Streptomyces sp.
GCF_003949835.1,96,36,Streptomyces sp.
GCF_003949875.1,238,28,Streptomyces sp.
GCF_003949895.1,56,2,Streptomyces sp.
GCF_003949905.1,96,36,Streptomyces sp.
GCF_003950035.1,165,28,Streptomyces sp.
GCF_003955715.1,239,61,Streptomyces aquilus
GCF_003963535.1,240,51,Streptomyces cyaneochromogenes
GCF_003977875.1,241,51,Streptomyces sp.
GCF_003984905.1,96,36,Streptomyces sp.
GCF_003984925.1,96,36,Streptomyces sp.
GCF_003984935.1,96,36,Streptomyces sp.
GCF_003984965.1,96,36,Streptomyces sp.
GCF_003984975.1,96,36,Streptomyces sp.
GCF_003989035.1,52,2,Streptomyces sp.
GCF_004125275.1,143,33,Streptomyces lydicus
GCF_003994375.1,143,33,Streptomyces lydicus
GCF_004000395.1,79,59,Streptomyces sp.
GCF_004000405.1,56,2,Streptomyces sp.
GCF_004078575.1,79,59,Streptomyces albidoflavus
GCF_004104485.1,127,45,Streptomyces sp.
GCF_004117935.1,242,63,Streptomyces roseicoloratus
GCF_004124335.1,79,59,Streptomyces sp.
GCF_004125265.1,144,33,Streptomyces lydicus
GCF_004125315.1,91,11,Streptomyces sp.
GCF_004151105.1,243,27,Streptomyces sp.
GCF_004195735.1,79,59,Streptomyces albidoflavus
GCF_004195745.1,79,59,Streptomyces albidoflavus
GCF_004195895.1,79,59,Streptomyces albidoflavus
GCF_004196225.1,79,59,Streptomyces sp.
GCF_004217355.1,122,35,Streptomyces sp.
GCF_004320085.1,80,71,Streptomyces kasugaensis
GCF_004341025.1,77,34,Streptomyces sp.
GCF_004364245.1,99,36,Streptomyces sp.
GCF_004364395.1,104,64,Streptomyces sp.
GCF_004524875.1,3,11,Streptomyces sp.
GCF_004563805.1,128,55,Streptomyces sp.
GCF_004794175.1,84,2,Streptomyces sp.
GCF_004794665.1,127,45,Streptomyces sp.
GCF_004795115.1,13,17,Streptomyces sp.
GCF_004795155.1,21,36,Streptomyces sp.
GCF_004795715.1,96,36,Streptomyces sp.
GCF_004803895.1,27,6,Streptomyces hawaiiensis
GCF_005234185.1,6,2,Streptomyces sp.
GCF_005490965.1,96,36,Streptomyces sp.
GCF_005938145.1,112,4,Streptomyces sp.
GCF_006516935.1,244,34,Streptomyces griseorubiginosus
GCF_006539185.1,166,22,Streptomyces gardneri
GCF_006547175.1,81,8,Streptomyces ipomoeae
GCF_006547185.1,81,8,Streptomyces ipomoeae
GCF_006715925.1,167,20,Streptomyces sp.
GCF_006716135.1,168,20,Streptomyces asterosporus
GCF_006788935.1,56,2,Streptomyces cavourensis
GCF_014649215.1,56,2,Streptomyces cavourensis
GCF_007827595.1,245,58,Streptomyces sp.
GCF_007828695.1,246,20,Streptomyces sp.
GCF_007829875.1,247,20,Streptomyces capillispiralis
GCF_007896895.1,92,45,Streptomyces misionensis
GCF_007896905.1,79,59,Streptomyces albidoflavus
GCF_008016805.1,169,45,Streptomyces lavendulae
GCF_008039505.1,248,55,Streptomyces sp.
GCF_008042065.1,91,11,Streptomyces sp.
GCF_008042145.1,87,22,Streptomyces sp.
GCF_008086975.1,12,17,Streptomyces sp.
GCF_008087005.1,143,33,Streptomyces sp.
GCF_008180165.1,53,2,Streptomyces parvus
GCF_008632535.1,53,2,Streptomyces parvus
GCF_014648875.1,53,2,Streptomyces parvus
GCF_014654895.1,66,30,Streptomyces filamentosus
GCF_008634015.1,66,30,Streptomyces filamentosus
GCF_008634025.1,249,21,Streptomyces albofaciens
GCF_008639045.1,61,22,Streptomyces venezuelae
GCF_008642275.1,161,17,Streptomyces venezuelae
GCF_008642375.1,250,22,Streptomyces venezuelae
GCF_008704515.1,100,20,Streptomyces viridosporus
GCF_008704575.1,124,68,Streptomyces galilaeus
GCF_008704715.1,47,51,Streptomyces chartreusis
GCF_014650315.1,47,51,Streptomyces chartreusis
GCF_008704995.1,111,69,Streptomyces nodosus
GCF_014205035.1,111,69,Streptomyces nodosus
GCF_017352335.1,111,69,Streptomyces nodosus
GCF_008705135.1,251,6,Streptomyces coeruleorubidus
GCF_008705255.1,61,22,Streptomyces venezuelae
GCF_008973465.1,252,50,Streptomyces sp.
GCF_009208535.1,134,9,Streptomyces mobaraensis
GCF_009299385.1,120,22,Streptomyces cinereoruber
GCF_011758705.1,120,22,Streptomyces cinereoruber
GCF_014197485.1,120,22,Streptomyces cinereoruber
GCF_009377175.1,253,70,Streptomyces adustus
GCF_009604455.1,254,56,Streptomyces sp.
GCF_009739225.1,34,20,Streptomyces sp.
GCF_009811575.1,58,33,Streptomyces glebosus
GCF_014656235.1,58,33,Streptomyces glebosus
GCF_009829585.1,101,36,Streptomyces tendae
GCF_009832925.1,95,47,Streptomyces sp.
GCF_009834105.1,79,59,Streptomyces sp.
GCF_009834125.1,255,39,Streptomyces sp.
GCF_009834145.1,256,45,Streptomyces sp.
GCF_009852415.1,257,20,Streptomyces sp.
GCF_009857135.1,258,49,Streptomyces sp.
GCF_900091985.1,127,45,Streptomyces sp.
GCF_900091975.1,127,45,Streptomyces sp.
GCF_009862025.1,127,45,Streptomyces sp.
GCF_009862355.1,3,11,Streptomyces sp.
GCF_900091765.1,54,18,Streptomyces sp.
GCF_009862465.1,54,18,Streptomyces sp.
GCF_009862505.1,80,71,Streptomyces sp.
GCF_009862625.1,169,45,Streptomyces sp.
GCF_009862685.1,127,45,Streptomyces sp.
GCF_009862765.1,127,45,Streptomyces sp.
GCF_009863035.1,123,35,Streptomyces sp.
GCF_009863125.1,125,72,Streptomyces sp.
GCF_900091725.1,125,72,Streptomyces sp.
GCF_009863145.1,59,2,Streptomyces sp.
GCF_900091775.1,59,2,Streptomyces sp.
GCF_900091885.1,79,59,Streptomyces sp.
GCF_009864905.1,53,2,Streptomyces sp.
GCF_900187925.1,53,2,Streptomyces sp.
GCF_009865205.1,117,35,Streptomyces sp.
GCF_900091785.1,79,59,Streptomyces sp.
GCF_009865475.1,111,69,Streptomyces sp.
GCF_009865505.1,4,2,Streptomyces sp.
GCF_009865565.1,138,17,Streptomyces sp.
GCF_009865595.1,117,35,Streptomyces sp.
GCF_009872515.1,259,22,Streptomyces sp.
GCF_009872555.1,28,6,Streptomyces sp.
GCF_009872565.1,52,2,Streptomyces sp.
GCF_010119355.1,127,45,Streptomyces sp.
GCF_017979945.1,79,59,Streptomyces sp.
GCF_010523235.1,79,59,Streptomyces sp.
GCF_010548045.1,2,2,Streptomyces anulatus
GCF_010548165.1,4,2,Streptomyces cyaneofuscatus
GCF_010548175.1,54,18,Streptomyces halstedii
GCF_010548375.1,260,34,Streptomyces sp.
GCF_010548385.1,45,36,Streptomyces coelicoflavus
GCF_010548435.1,45,36,Streptomyces coelicoflavus
GCF_010548465.1,93,73,Streptomyces sp.
GCF_010548505.1,6,2,Streptomyces sp.
GCF_010548615.1,2,2,Streptomyces anulatus
GCF_010548665.1,53,2,Streptomyces parvus
GCF_010548705.1,2,2,Streptomyces anulatus
GCF_010550525.1,2,2,Streptomyces anulatus
GCF_010548725.1,73,59,Streptomyces sp.
GCF_010550325.1,21,36,Streptomyces rubrogriseus
GCF_010550365.1,93,73,Streptomyces sp.
GCF_010550405.1,96,36,Streptomyces rochei
GCF_010550435.1,93,73,Streptomyces sp.
GCF_010550645.1,93,73,Streptomyces sp.
GCF_010892295.1,112,4,Streptomyces rhizosphaericus
GCF_010993835.1,45,36,Streptomyces sp.
GCF_011008945.1,110,44,Streptomyces sp.
GCF_011055525.1,84,2,Streptomyces sp.
GCF_011170105.1,73,59,Streptomyces rutgersensis
GCF_011170125.1,73,59,Streptomyces diastaticus
GCF_014648935.1,73,59,Streptomyces diastaticus
GCF_011290345.1,261,33,Streptomyces sp.
GCF_011317205.1,45,36,Streptomyces sp.
GCF_012927245.1,71,30,Streptomyces sp.
GCF_012927225.1,71,30,Streptomyces sp.
GCF_013046785.1,262,16,Streptomyces sp.
GCF_013363665.1,53,2,Streptomyces sp.
GCF_013363455.1,53,2,Streptomyces sp.
GCF_013363465.1,79,59,Streptomyces odorifer
GCF_015601545.1,79,59,Streptomyces albidoflavus
GCF_013363475.1,56,2,Streptomyces sp.
GCF_013363575.1,96,36,Streptomyces sp.
GCF_013363655.1,53,2,Streptomyces sp.
GCF_013363675.1,56,2,Streptomyces sp.
GCF_013363735.1,56,2,Streptomyces sp.
GCF_013364095.1,106,7,Streptomyces harbinensis
GCF_013364175.1,167,20,Streptomyces sp.
GCF_013364315.1,5,2,Streptomyces fulvissimus
GCF_013375055.1,47,51,Streptomyces chartreusis
GCF_013394065.1,76,32,Streptomyces rectiverticillatus
GCF_013401535.1,133,2,Streptomyces sp.
GCF_013423905.1,92,45,Streptomyces sp.
GCF_013870595.1,263,16,Streptomyces sp.
GCF_014076605.1,112,4,Streptomyces sp.
GCF_014138735.1,168,20,Streptomyces calvus
GCF_014649315.1,168,20,Streptomyces calvus
GCF_014138855.1,127,45,Streptomyces murinus
GCF_014138905.1,127,45,Streptomyces murinus
GCF_014202475.1,29,6,Streptomyces paradoxus
GCF_014650615.1,72,20,Streptomyces albaduncus
GCF_014203495.1,72,20,Streptomyces albaduncus
GCF_014203535.1,170,20,Streptomyces griseostramineus
GCF_014649635.1,170,20,Streptomyces griseostramineus
GCF_014203595.1,264,16,Streptomyces echinatus
GCF_014205055.1,25,6,Streptomyces luteogriseus
GCF_014205255.1,265,6,Streptomyces caelestis
GCF_014207295.1,266,6,Streptomyces sp.
GCF_014253015.1,267,9,Streptomyces sp.
GCF_014596915.1,268,75,Streptomyces sp.
GCF_014648195.1,135,15,Streptomyces purpureus
GCF_014648635.1,269,16,Streptomyces cinerochromogenes
GCF_014648655.1,57,72,Streptomyces atratus
GCF_014649135.1,171,76,Streptomyces niveoruber
GCF_014649475.1,171,76,Streptomyces daghestanicus
GCF_014649515.1,270,20,Streptomyces flavoviridis
GCF_014649535.1,60,72,Streptomyces gelaticus
GCF_014649595.1,170,20,Streptomyces griseomycini
GCF_014649875.1,52,2,Streptomyces rubiginosohelvolus
GCF_014649895.1,63,20,Streptomyces rubiginosus
GCF_014649995.1,271,20,Streptomyces griseoflavus
GCF_014650115.1,150,16,Streptomyces olivaceoviridis
GCF_014650135.1,96,36,Streptomyces plicatus
GCF_014650155.1,272,6,Streptomyces purpurascens
GCF_014650435.1,101,36,Streptomyces tendae
GCF_014650735.1,273,16,Streptomyces canarius
GCF_014650895.1,274,30,Streptomyces omiyaensis
GCF_014651075.1,275,6,Streptomyces djakartensis
GCF_014655335.1,6,2,Streptomyces griseus
GCF_014655475.1,35,20,Streptomyces viridodiastaticus
GCF_014656075.1,172,30,Streptomyces hydrogenans
GCF_014673495.1,127,45,Streptomyces griseofuscus
GCF_014701095.1,30,6,Streptomyces tuirus
GCF_014905535.1,172,30,Streptomyces sp.
GCF_015163075.1,276,61,Streptomyces sp.
GCF_015244315.1,173,36,Streptomyces olivaceus
GCF_015475835.1,277,32,Streptomyces sp.
GCF_015645455.1,173,36,Streptomyces olivaceus
GCF_015680775.2,73,59,Streptomyces sp.
GCF_015710995.1,166,22,Streptomyces gardneri
GCF_016432735.1,34,20,Streptomyces sp.
GCF_016457305.1,127,45,Streptomyces sp.
GCF_016467295.1,127,45,Streptomyces costaricanus
GCF_016612545.1,278,12,Streptomyces sp.
GCF_016654065.1,52,2,Streptomyces sp.
GCF_016612645.1,52,2,Streptomyces sp.
GCF_016612575.1,52,2,Streptomyces sp.
GCF_016612625.1,14,12,Streptomyces sp.
GCF_016612665.1,52,2,Streptomyces sp.
GCF_016612775.1,52,2,Streptomyces sp.
GCF_016612725.1,52,2,Streptomyces sp.
GCF_016612705.1,52,2,Streptomyces sp.
GCF_016613335.1,79,59,Streptomyces sp.
GCF_016613285.1,79,59,Streptomyces sp.
GCF_016653995.1,5,2,Streptomyces sp.
GCF_016654055.1,52,2,Streptomyces sp.
GCF_016654115.1,14,12,Streptomyces sp.
GCF_016741825.1,140,33,Streptomyces sp.
GCF_016741855.1,279,16,Streptomyces sp.
GCF_016741935.1,280,4,Streptomyces sp.
GCF_016772455.1,5,2,Streptomyces fulvissimus
GCF_016803985.1,79,59,Streptomyces koyangensis
GCF_016860525.1,281,16,Streptomyces achromogenes
GCF_016901035.1,10,2,Streptomyces sp.
GCF_016909575.1,103,11,Streptomyces sp.
GCF_016917755.1,155,41,Streptomyces noursei
GCF_017311125.1,133,2,Streptomyces sp.
GCF_017358145.1,5,2,Streptomyces sp.
GCF_017526105.1,282,16,Streptomyces cyanogenus
GCF_017592595.1,121,4,Streptomyces sp.
GCF_017614965.1,283,78,Streptomyces griseorubiginosus
GCF_017877015.1,86,22,Streptomyces sp.
GCF_017933235.1,18,14,Streptomyces sp.
GCF_017968965.1,18,14,Streptomyces sp.
GCF_017969005.1,18,14,Streptomyces sp.
GCF_017969025.1,18,14,Streptomyces sp.
GCF_018070055.1,96,36,Streptomyces sp.
GCF_018070125.1,96,36,Streptomyces sp.
GCF_018070145.1,21,36,Streptomyces sp.
GCF_018070175.1,75,36,Streptomyces sp.
GCF_018070265.1,75,36,Streptomyces sp.
GCF_018070205.1,164,36,Streptomyces sp.
GCF_018070225.1,34,20,Streptomyces sp.
GCF_018070255.1,88,50,Streptomyces sp.
GCF_018070535.1,98,36,Streptomyces sp.
GCF_018070665.1,2,2,Streptomyces sp.
GCF_018070745.1,2,2,Streptomyces sp.
GCF_018128905.1,284,34,Streptomyces sp.
GCF_018530775.1,47,51,Streptomyces sp.
GCF_018530825.1,2,2,Streptomyces sp.
GCF_018614185.1,116,51,Streptomyces sp.
GCF_018614355.1,116,51,Streptomyces sp.
GCF_018614415.1,285,76,Streptomyces sp.
GCF_018619195.1,79,59,Streptomyces sp.
GCF_018619165.1,79,59,Streptomyces sp.
GCF_018619235.1,79,59,Streptomyces sp.
GCF_018619185.1,11,2,Streptomyces sp.
GCF_018638305.1,286,20,Streptomyces sp.
GCF_018638335.1,79,59,Streptomyces sp.
GCF_018966745.1,34,20,Streptomyces sp.
GCF_018982965.1,287,36,Streptomyces sp.
GCF_019049125.1,97,36,Streptomyces sp.
GCF_019049185.1,2,2,Streptomyces anulatus
GCF_019049245.1,288,52,Streptomyces sp.
GCF_019049255.1,289,20,Streptomyces sp.
GCF_019049285.1,290,51,Streptomyces sp.
GCF_019067045.1,79,59,Streptomyces sp.
GCF_019090105.1,123,35,Streptomyces sp.
GCF_900079405.2,92,45,Streptomyces sp.
GCF_900079415.1,35,20,Streptomyces sp.
GCF_900091315.1,291,10,Streptomyces sp.
GCF_900091865.1,56,2,Streptomyces sp.
GCF_900091875.1,74,18,Streptomyces sp.
GCF_900091905.1,1,2,Streptomyces sp.
GCF_900092005.1,53,2,Streptomyces sp.
GCF_900104815.1,92,45,Streptomyces misionensis
GCF_900105265.1,292,12,Streptomyces sp.
GCF_900105395.1,293,79,Streptomyces sp.
GCF_900105465.1,47,51,Streptomyces sp.
GCF_900105605.1,154,16,Streptomyces sp.
GCF_900105915.1,69,33,Streptomyces sp.
GCF_900119365.1,294,72,Streptomyces atratus
GCF_900171555.1,79,59,Streptomyces albidoflavus
GCF_900206255.1,295,61,Streptomyces sp.
GCF_900215595.1,146,14,Streptomyces sp.
GCF_900215615.1,26,6,Streptomyces sp.
